{"_runtime": 503.9136462211609, "_timestamp": 1582071417.163327, "episodic_reward": 210.0, "_step": 197, "cumulative_avg_reward": 272.75, "gameplays": {"_type": "video-file", "path": "media/videos/openaigym.video.61.1360.video000000_eae0cef7.mp4", "sha256": "eae0cef76dd62d5179c950f1a3427eece4826b016a0d031444aa4f8578bc0949", "size": 214765}}
